User_ID,proba
103001,0.09921477307242953
103002,0.2241402755248454
103003,0.3885258599773186
103004,0.444225685664279
103005,0.20977111253592207
103006,0.27041323918882965
103007,0.48497207407600773
103008,0.15684771808573894
103009,0.2271878443142441
103010,0.1129638152337745
103011,0.2586005459992369
103012,0.38672707875577433
103013,0.5227415929125302
103014,0.42539100494828197
103015,0.324219934090646
103016,0.09942696229676401
103017,0.4308129286409937
103018,0.5050993286931967
103019,0.08752928621211568
103020,0.335213923648355
103021,0.1413016764972078
103022,0.2570556180664899
103023,0.5591758423619204
103024,0.4143960543028545
103025,0.12435345812002571
103026,0.40139288593424416
103027,0.4473104160794411
103028,0.452555408227299
103029,0.08998069857629085
103030,0.36929331163171436
103031,0.3582345515740039
103032,0.11530741770651348
103033,0.3076797884902802
103034,0.33246429114648157
103035,0.09913535533101255
103036,0.46589707601343
103037,0.17802001273411877
103038,0.36074929668471256
103039,0.2071250480056753
103040,0.503074131413844
103041,0.4920913092344267
103042,0.288149487144766
103043,0.10739869325670749
103044,0.09830458901902525
103045,0.47648769895907184
103046,0.3744801545194304
103047,0.21313203117763516
103048,0.21227155912258777
103049,0.12893511752123027
103050,0.05683703030501362
103051,0.3712605426634704
103052,0.1269164706086418
103053,0.1876481152497098
103054,0.10398682281178942
103055,0.20578569240267586
103056,0.3257584992401584
103057,0.4513208665699297
103058,0.5689474594822752
103059,0.5281341958376022
103060,0.4813108995998394
103061,0.5194125439460408
103062,0.37285955113868724
103063,0.14867260872975135
103064,0.17459473532774616
103065,0.5745875425858504
103066,0.1294980431653976
103067,0.14762950384934417
103068,0.09761915802362646
103069,0.5390341956023161
103070,0.3171872193737193
103071,0.31331255566456817
103072,0.4808291993397269
103073,0.551779593249382
103074,0.309790562219617
103075,0.5058877556345358
103076,0.12557768222012117
103077,0.375906768657852
103078,0.35553437880954053
103079,0.27813749402257293
103080,0.3101360381826281
103081,0.16198338887010766
103082,0.08427349603043342
103083,0.3840618746375093
103084,0.5301160185083849
103085,0.10591910207972499
103086,0.19034534522842944
103087,0.22903309518629755
103088,0.22983002977551945
103089,0.07878614351885654
103090,0.3551634280063075
103091,0.16196552166568431
103092,0.17008332380059513
103093,0.08350634968340842
103094,0.0808989976605802
103095,0.07724547064217765
103096,0.1359295921264308
103097,0.48748133875495314
103098,0.4714825913247616
103099,0.5350265212161796
103100,0.4524442829873049
103101,0.2054559173170366
103102,0.4849671158886097
103103,0.09876019744300181
103104,0.23841855086022337
103105,0.13079374166039107
103106,0.5256888392009181
103107,0.4848165855153051
103108,0.09563226240601719
103109,0.30333751449265506
103110,0.17451389102159126
103111,0.08655075996038222
103112,0.09880980999954876
103113,0.47952836173859026
103114,0.6233636671746885
103115,0.07512320354577942
103116,0.4560954388414427
103117,0.24567649469408925
103118,0.16381673043055087
103119,0.08626764011053323
103120,0.12992280750406987
103121,0.48471605769822623
103122,0.09634478817019432
103123,0.21303025019730454
103124,0.5420927657093759
103125,0.11534819564812525
103126,0.5552669519658009
103127,0.5322330998790766
103128,0.09183062269141516
103129,0.523354149815072
103130,0.2600568165462841
103131,0.4453671670400725
103132,0.08722060528225811
103133,0.1159549322149674
103134,0.28056201364782996
103135,0.26004213318885755
103136,0.11781806752411439
103137,0.12792176158839674
103138,0.08990924682770872
103139,0.6027984385897666
103140,0.426517233217835
103141,0.3226063775753647
103142,0.5736430857003523
103143,0.15911412610082198
103144,0.34999411712124306
103145,0.10703672545302584
103146,0.5432206504609846
103147,0.5034750655299141
103148,0.33592934069188013
103149,0.6626347397031853
103150,0.26587591961042395
103151,0.14430975996640716
103152,0.11932143649553262
103153,0.5871163162916062
103154,0.3934620152676711
103155,0.17014177023985255
103156,0.529788260318772
103157,0.2265139665803116
103158,0.4842375874825466
103159,0.193345415276455
103160,0.0809468622761372
103161,0.12617580227349223
103162,0.3784207975023334
103163,0.24740216653949615
103164,0.3970012246818557
103165,0.08709002346415648
103166,0.28081965803362574
103167,0.2837379088842782
103168,0.38804134155169323
103169,0.09010524434970318
103170,0.33197537508903074
103171,0.33769688178978197
103172,0.20748202957869671
103173,0.3518247011926917
103174,0.16860487517010572
103175,0.5200752976396759
103176,0.22829746356413788
103177,0.3063187719918916
103178,0.2503736096327537
103179,0.17310931555351494
103180,0.07571443907682089
103181,0.37715763041129713
103182,0.1676257931924436
103183,0.547490683536373
103184,0.4700701420934699
103185,0.15596474876523173
103186,0.22989456794983126
103187,0.5683317738803882
103188,0.27749160637295345
103189,0.06576902963913828
103190,0.1108884817464767
103191,0.32452797828523694
103192,0.3328681344144289
103193,0.17410302526083163
103194,0.18332512714520824
103195,0.13948703795561174
103196,0.15812982197269868
103197,0.12306393918879438
103198,0.1693304004885235
103199,0.13669825386497875
103200,0.4712925441340242
103201,0.47917168301555024
103202,0.4388197236976327
103203,0.15291295209437245
103204,0.1686935921931308
103205,0.10715090145104708
103206,0.15167684541698565
103207,0.13074068584241771
103208,0.4681282475423444
103209,0.5519467913022119
103210,0.668282601510497
103211,0.08471773745942701
103212,0.15843140909490983
103213,0.2668749004732507
103214,0.23064660098971076
103215,0.4341141427963158
103216,0.2516799413237299
103217,0.3282542511903809
103218,0.3811030836460202
103219,0.28181639147628074
103220,0.37676553715137917
103221,0.18080622675610553
103222,0.5280129416488858
103223,0.40467881207267353
103224,0.2225965233411793
103225,0.2979485353339911
103226,0.061508423874934756
103227,0.1720879568307203
103228,0.07737151856656149
103229,0.5156413213847668
103230,0.5986147654210404
103231,0.19191524781256755
103232,0.4706177576109186
103233,0.4020572215565648
103234,0.177285948186942
103235,0.4202225785055694
103236,0.463045837251843
103237,0.6588831147023523
103238,0.2241181949508717
103239,0.6117622553189614
103240,0.6153599783438587
103241,0.5315409246764743
103242,0.21362246487678707
103243,0.0742533620801272
103244,0.4760795642990411
103245,0.5501740589459727
103246,0.27123878930640766
103247,0.1816713449370887
103248,0.2818563821207496
103249,0.17376239869209836
103250,0.44170654656147246
103251,0.2542759387846387
103252,0.4653996748009384
103253,0.06899812905826311
103254,0.40237782347091133
103255,0.1369432743681936
103256,0.4593410238538074
103257,0.3327141586860991
103258,0.3498062335796709
103259,0.3584202409071843
103260,0.19314844121730507
103261,0.26300559491767606
103262,0.3602124561311426
103263,0.23880062003342314
103264,0.24549286950405458
103265,0.32396831442096136
103266,0.19521502415906053
103267,0.06005738948857084
103268,0.2582563462293923
103269,0.09949262976929305
103270,0.3175960121237431
103271,0.22413122029066104
103272,0.5353073595120367
103273,0.35764578228625965
103274,0.20536425229446648
103275,0.5828431731807923
103276,0.2932033458509071
103277,0.45402380396485753
103278,0.08467572055179234
103279,0.06281844166990408
103280,0.21816202486735564
103281,0.2781645676449294
103282,0.6067544987644811
103283,0.28631861189810537
103284,0.5531338244692486
103285,0.49766027003067725
103286,0.15728543309758225
103287,0.23783701356014747
103288,0.069556207350547
103289,0.2172056375761482
103290,0.1492418022342401
103291,0.39014994297366845
103292,0.13905517264021527
103293,0.16221031681787312
103294,0.5104471077930923
103295,0.15127572753040697
103296,0.3867350346067505
103297,0.3518179744367148
103298,0.38829855711628947
103299,0.4648453782390071
103300,0.07266650969702956
103301,0.10790358036181763
103302,0.3805724731857555
103303,0.21872770148186316
103304,0.11661234838581834
103305,0.2913951074381884
103306,0.16894047756492403
103307,0.15224872453485716
103308,0.20712156853224967
103309,0.15156206157950763
103310,0.09686357515570651
103311,0.37564398885659517
103312,0.36203236705188013
103313,0.3447283823383468
103314,0.21517489109402138
103315,0.3223821415687039
103316,0.21017145410875276
103317,0.13585550027257975
103318,0.3213136715010063
103319,0.5974090789127369
103320,0.40377604072948237
103321,0.13307849727598756
103322,0.3267673382261834
103323,0.1033755048786246
103324,0.4810106711162749
103325,0.3464483859614159
103326,0.3058290381447471
103327,0.08940636202047302
103328,0.38409611420531065
103329,0.3775473297406633
103330,0.09542573990990388
103331,0.24504580364624878
103332,0.07032385027074647
103333,0.3965854781444722
103334,0.4625242677241459
103335,0.15751229406907552
103336,0.19174678170557166
103337,0.0850664114864063
103338,0.289947678755504
103339,0.4242198529765597
103340,0.5788441774842437
103341,0.08380967065324395
103342,0.46255893795558783
103343,0.07242053133462228
103344,0.2846714363713232
103345,0.25037322682344165
103346,0.43268481095647243
103347,0.5173181111008569
103348,0.3786804209820436
103349,0.211618821003617
103350,0.1795738123776927
103351,0.10901285400988749
103352,0.2843092358317034
103353,0.1339420342582676
103354,0.15420313791398782
103355,0.5421612992404945
103356,0.6332590484394593
103357,0.534943609490766
103358,0.468082989115061
103359,0.22877775221414215
103360,0.35388597450386683
103361,0.43828667544977906
103362,0.5395671762397107
103363,0.4282293525712292
103364,0.15203286485231932
103365,0.15825812093416625
103366,0.41454960528248397
103367,0.23638906656919123
103368,0.12466773302716519
103369,0.10887709942367733
103370,0.5927965653117928
103371,0.5017752143344296
103372,0.22040678753731605
103373,0.5624593227777652
103374,0.10469598013507714
103375,0.14201823553733872
103376,0.28608253831929253
103377,0.31601964538297855
103378,0.4654222765784923
103379,0.48499453067638487
103380,0.20855631075479067
103381,0.10564297484511147
103382,0.09580320158131557
103383,0.13770835798765502
103384,0.09261626468375941
103385,0.12117254436847458
103386,0.5285070089014583
103387,0.513652136133725
103388,0.32437739677923166
103389,0.4124497382381265
103390,0.0809399672987103
103391,0.5435810725684351
103392,0.3098651024888811
103393,0.35139401235403755
103394,0.08638759286737782
103395,0.41545934864773276
103396,0.2345769670106561
103397,0.5393931771670044
103398,0.2945021239755826
103399,0.13028730850063341
103400,0.07584093723773756
103401,0.1452321312465395
103402,0.5895157866082044
103403,0.1274395440753841
103404,0.49977310154700755
103405,0.07831102671641509
103406,0.19805280865834474
103407,0.08539335885010374
103408,0.16157851656397845
103409,0.1433041191373855
103410,0.2006320933382557
103411,0.40682602303491544
103412,0.15280099746212217
103413,0.11833156727674528
103414,0.3221314769285647
103415,0.16772054465499167
103416,0.10649371254800846
103417,0.0864020017213475
103418,0.08681559168816216
103419,0.2577497737252562
103420,0.050378695931682156
103421,0.11405651793049833
103422,0.3004157937309329
103423,0.4157407753844813
103424,0.5227588708203443
103425,0.1670667052283862
103426,0.26027149058110266
103427,0.25853430064895555
103428,0.07937296544492281
103429,0.3962555486217714
103430,0.059535754476405994
103431,0.5366874019852954
103432,0.12866080085309578
103433,0.12513288429765365
103434,0.5695933522418348
103435,0.5814811803038775
103436,0.3895193004510027
103437,0.3557078972664727
103438,0.3617864156510983
103439,0.08280003515907625
103440,0.08226163757393336
103441,0.20279447816665117
103442,0.17858862196688693
103443,0.23390531526603692
103444,0.12237737346844513
103445,0.4953911871458462
103446,0.12835283690909133
103447,0.3837322032209391
103448,0.5805495066334145
103449,0.17016335702156257
103450,0.22785433730006957
103451,0.10716650167018464
103452,0.27525564181687584
103453,0.532940782860038
103454,0.34053521748370086
103455,0.46071303273588476
103456,0.4915778389799817
103457,0.10549426242831784
103458,0.1057870525240102
103459,0.09954991274015763
103460,0.17029987512497882
103461,0.15337044010846912
103462,0.15330354099034035
103463,0.3893075619822279
103464,0.49798453435028456
103465,0.07384753399851876
103466,0.4079897463967786
103467,0.50837486639607
103468,0.19393230521226149
103469,0.12348423422701676
103470,0.5650738247844063
103471,0.45456117639291715
103472,0.5535265669371077
103473,0.1271800941602555
103474,0.0806516959936543
103475,0.46050764165697367
103476,0.3127593015965986
103477,0.10265875295559396
103478,0.1269563344120343
103479,0.1279278081009227
103480,0.3846647140068458
103481,0.519328537815906
103482,0.3361197662255389
103483,0.5853184885157556
103484,0.20615960722994267
103485,0.2897147947766836
103486,0.16064039649388206
103487,0.09463931066734085
103488,0.2602683969559003
103489,0.10470811421333195
103490,0.3708825702507329
103491,0.3172988910946478
103492,0.10075567130936822
103493,0.3208173030288722
103494,0.17850981308778135
103495,0.12255290874707543
103496,0.40282062121319034
103497,0.11917701890715805
103498,0.2545991234999631
103499,0.4056535057191308
103500,0.4004030693262801
103501,0.20027696109920792
103502,0.5609116607919182
103503,0.11444138492537004
103504,0.631374399705769
103505,0.34557558152950324
103506,0.24060858064709295
103507,0.3139649279151669
103508,0.6022893304786613
103509,0.4632885423112051
103510,0.473548305191398
103511,0.16156759953976652
103512,0.49849128955361177
103513,0.4668540508319414
103514,0.08621968982279497
103515,0.06201623126873121
103516,0.427094565351873
103517,0.5776624867074676
103518,0.2511383920329673
103519,0.40446708448839996
103520,0.44374887069476765
103521,0.518583698190848
103522,0.38587044266557674
103523,0.105282926350465
103524,0.06815487177625593
103525,0.6356283418074333
103526,0.1787084295016881
103527,0.11938445663953101
103528,0.17112949293306987
103529,0.5179726977972379
103530,0.5775099249008493
103531,0.21015050459297463
103532,0.47777679298021636
103533,0.47457139933385845
103534,0.5016689782421988
103535,0.316221087504106
103536,0.4290383392840896
103537,0.1213077023033346
103538,0.42042787444259244
103539,0.36955823110711045
103540,0.4585154407707379
103541,0.6058441473048637
103542,0.41586482990308715
103543,0.3082792752725616
103544,0.11560564940958074
103545,0.46290777386618975
103546,0.48218663280046936
103547,0.10240203483014287
103548,0.1935683395117867
103549,0.19953879511726927
103550,0.4714369427377725
103551,0.4512735493259977
103552,0.08299798739023548
103553,0.3205365363135475
103554,0.19888456647811495
103555,0.41681285546492997
103556,0.2658309283281912
103557,0.35546574572981526
103558,0.1513642387469316
103559,0.16911785569213655
103560,0.40874307439043867
103561,0.0642207609888067
103562,0.209348016144079
103563,0.4736854595547303
103564,0.3914591327938066
103565,0.38771466613299477
103566,0.10598969647769158
103567,0.5744216764203366
103568,0.4746443376024189
103569,0.1996799665174987
103570,0.20446208748283418
103571,0.21517952406013224
103572,0.1544808972451924
103573,0.2813938238475794
103574,0.22717998571993764
103575,0.64363773667932
103576,0.19110341296401595
103577,0.45334668034981046
103578,0.21848486326096533
103579,0.35689593702442984
103580,0.1515510862853317
103581,0.318404278573357
103582,0.2920233439869784
103583,0.397107996979132
103584,0.5436950721199882
103585,0.4085755525913294
103586,0.2970802638063724
103587,0.28457971813308813
103588,0.19938399893503023
103589,0.09842111387536642
103590,0.41077950000927055
103591,0.41843482835737833
103592,0.2813275883395199
103593,0.48331103683271165
103594,0.1413100433793323
103595,0.3654484536185608
103596,0.2841590696068965
103597,0.33369446796787333
103598,0.2580844455767452
103599,0.13180662721107192
103600,0.25621867527391035
103601,0.41210650659760717
103602,0.2670479866023933
103603,0.4322050171764998
103604,0.48614515953397325
103605,0.1141675619618959
103606,0.36855865736515236
103607,0.2554567667940651
103608,0.2015262827247365
103609,0.49497184301606667
103610,0.14617642452347396
103611,0.2747481565115931
103612,0.48560324686495493
103613,0.5021840233932179
103614,0.6165183195143507
103615,0.6336680072059488
103616,0.5751757806469924
103617,0.18140363262152373
103618,0.5084526774064642
103619,0.10326993458997008
103620,0.2320394273934796
103621,0.5544358621815793
103622,0.5490590518551425
103623,0.5938398820665483
103624,0.5986664114726954
103625,0.44920197900423625
103626,0.19800524428678096
103627,0.09299597426233527
103628,0.08897306498956442
103629,0.5404267691341934
103630,0.5836398910171892
103631,0.16191598958175124
103632,0.11768137254411513
103633,0.23434213075574256
103634,0.622785273598434
103635,0.09829514524535532
103636,0.20023487180605476
103637,0.11091083178705738
103638,0.10938709272920047
103639,0.45786163428971727
103640,0.4677113909724634
103641,0.31205691332740015
103642,0.4250732727769872
103643,0.20957558497525713
103644,0.24119420238482747
103645,0.5450359992269859
103646,0.18743695665199436
103647,0.16319684117584324
103648,0.354088763837641
103649,0.2226168950303817
103650,0.2272049471227611
103651,0.3946032622520858
103652,0.20077187933964188
103653,0.122377893620024
103654,0.39281933675221614
103655,0.5235562678019037
103656,0.3077838158465694
103657,0.4932088058511149
103658,0.15229215677311758
103659,0.15923206793815292
103660,0.5323503646766692
103661,0.08535185090787792
103662,0.08544415079162464
103663,0.38281111733850615
103664,0.25617745584817253
103665,0.08024426323778658
103666,0.348069543658026
103667,0.18027847662304608
103668,0.3563210337214633
103669,0.1916920333828545
103670,0.07159102979399996
103671,0.15111155154593528
103672,0.5965662898540012
103673,0.42582776791893456
103674,0.28137836245024284
103675,0.4278673135161237
103676,0.2946739879703771
103677,0.38758154930761785
103678,0.28524824101444823
103679,0.5546278185842366
103680,0.20137218070886642
103681,0.11772445051616927
103682,0.38746349525139195
103683,0.21090773746437042
103684,0.10944795652363315
103685,0.41179865954643136
103686,0.15299777784764523
103687,0.0972148625825434
103688,0.2722400055462726
103689,0.4826639753488298
103690,0.0696389442894994
103691,0.4708718152953261
103692,0.25580146499288925
103693,0.09371035339525194
103694,0.32247825531597435
103695,0.060007480788770495
103696,0.20939666871413676
103697,0.18155408205806733
103698,0.08020763869877408
103699,0.23713918598493183
103700,0.24606616829742847
103701,0.2912753840496464
103702,0.10611623838129762
103703,0.3313092016182904
103704,0.1209210332408305
103705,0.07831352372702152
103706,0.27845035534797835
103707,0.061841468645346
103708,0.1350695015418048
103709,0.2826036835340753
103710,0.11731392598585151
103711,0.43718498076763135
103712,0.2336130560856409
103713,0.08800261018201995
103714,0.4578306524353536
103715,0.3763526607963683
103716,0.4227895826567597
103717,0.15641505291001678
103718,0.4389227007244255
103719,0.48798753362745007
103720,0.2964381825889599
103721,0.07607134096541734
103722,0.1331752286786183
103723,0.1364079017598293
103724,0.4510009720482932
103725,0.2325715532266172
103726,0.09126566348766843
103727,0.4788930995812437
103728,0.2564110161461114
103729,0.5553300078570753
103730,0.37062758861015316
103731,0.050054562343797314
103732,0.28165587546662396
103733,0.39730756044198867
103734,0.5622820021226103
103735,0.44004708185502484
103736,0.5201456487289762
103737,0.053076489079948726
103738,0.31173990914276084
103739,0.37213633775984056
103740,0.11109484154221386
103741,0.06889518606663897
103742,0.5968163810731845
103743,0.12336417989809649
103744,0.3751812342118374
103745,0.17319072112210754
103746,0.18196990023496631
103747,0.12559871814730697
103748,0.21304075737454653
103749,0.15411192713978566
103750,0.4187745827839906
103751,0.555104050465457
103752,0.5402744693756915
103753,0.08135710236468173
103754,0.3883734948306699
103755,0.2755674877957114
103756,0.19115524727935185
103757,0.4137496518989932
103758,0.41176804296078795
103759,0.33608308869276826
103760,0.5248556611786324
103761,0.09132097963584271
103762,0.26580575431381603
103763,0.3717856710879869
103764,0.36192318273511265
103765,0.48503454401459645
103766,0.06959556642460513
103767,0.18083385732984836
103768,0.34050110640323594
103769,0.5078734254025326
103770,0.3500898939913351
103771,0.12868343104861454
103772,0.11123744690887717
103773,0.39787564361037187
103774,0.47966582172762173
103775,0.0752015014488428
103776,0.5100756940779538
103777,0.14599279987826436
103778,0.21398804594208154
103779,0.5148457873105476
103780,0.5841599633649059
103781,0.10810574168454623
103782,0.2856377797925008
103783,0.6145013891157978
103784,0.3649599759607794
103785,0.5220382386844787
103786,0.12837026330026163
103787,0.20099718707283146
103788,0.2253193620610413
103789,0.4480567271782752
103790,0.5015873882396706
103791,0.5516141510505683
103792,0.420357698697154
103793,0.32115627917221956
103794,0.16614099050354356
103795,0.3825953184957169
103796,0.11090972675922797
103797,0.5235300379992193
103798,0.410008178170731
103799,0.3222772011509476
103800,0.6010295342509838
103801,0.24923758111901678
103802,0.23773503156317666
103803,0.4551767879706107
103804,0.275597517073364
103805,0.09205578015756036
103806,0.49630874938053315
103807,0.5887593103899572
103808,0.11961390125946769
103809,0.2586921155159505
103810,0.18424174105448943
103811,0.19047899417088884
103812,0.5874439863295577
103813,0.2544925493439408
103814,0.165881669592851
103815,0.1220169874433476
103816,0.4692923585259404
103817,0.34006380405249825
103818,0.1633278425406246
103819,0.5355732335601107
103820,0.5608764797811892
103821,0.20097623096325018
103822,0.1811999488999394
103823,0.10397429495465496
103824,0.48770059150762307
103825,0.09740776543278133
103826,0.30998252897201883
103827,0.183051100036417
103828,0.5640488016115549
103829,0.09379082326752991
103830,0.3465067070035608
103831,0.5125681776946188
103832,0.08652254062123213
103833,0.3721703349828279
103834,0.3375181659549401
103835,0.22858330789690937
103836,0.08342090244398798
103837,0.14168220039485913
103838,0.3208977167331663
103839,0.2828592939088673
103840,0.1055359833132093
103841,0.11641345281464109
103842,0.17765897763669108
103843,0.4734335302086645
103844,0.10788806241415713
103845,0.2743158470991798
103846,0.23981942918666568
103847,0.6392568343306246
103848,0.10253344280660846
103849,0.31915991460006043
103850,0.3373758918228976
103851,0.34508014613535004
103852,0.4509525443883525
103853,0.11069220794606288
103854,0.5874197150807478
103855,0.41643741913488985
103856,0.2941940506690109
103857,0.14258376055137556
103858,0.46691741427640165
103859,0.09715550955537326
103860,0.10667287910510531
103861,0.12498942826342507
103862,0.5086096340412131
103863,0.1279619733170254
103864,0.06963964772729209
103865,0.4347463387389876
103866,0.36205410417746353
103867,0.12164866871074159
103868,0.5505856354290724
103869,0.4907837854642537
103870,0.057354073677746795
103871,0.1621516351789754
103872,0.16105147398033948
103873,0.4091231529936047
103874,0.6030384569329896
103875,0.12837173361064969
103876,0.18435936446014084
103877,0.13651835393477843
103878,0.4612854417263885
103879,0.37131050407673916
103880,0.1352882643966904
103881,0.056684565853808475
103882,0.2680419973972187
103883,0.19687099912652634
103884,0.24209639961809246
103885,0.052104397772162185
103886,0.3377161121836898
103887,0.4414313269426328
103888,0.126652278638061
103889,0.3139698425851104
103890,0.15331295508671283
103891,0.5355460792265663
103892,0.114065192477899
103893,0.1908522963194711
103894,0.11249849156058914
103895,0.32126288921545554
103896,0.11069064078306785
103897,0.4634126521227114
103898,0.1089540993847895
103899,0.29593863477745747
103900,0.5093428783611846
103901,0.1443101056068145
103902,0.16322769259927575
103903,0.4415912135804134
103904,0.6160689895839122
103905,0.1550066670233421
103906,0.0925767467659678
103907,0.42936262866286556
103908,0.4832114492608619
103909,0.3743083359013407
103910,0.10389188766897649
103911,0.3540439608161468
103912,0.1276746598204373
103913,0.2600788220111578
103914,0.37327883174308674
103915,0.19882724612170988
103916,0.5603896332020544
103917,0.12434321105313294
103918,0.10623158757205695
103919,0.2896855178230944
103920,0.45875758489905555
103921,0.27286152468192654
103922,0.3744855828670186
103923,0.07167359820370928
103924,0.6507258887439734
103925,0.5794575284936242
103926,0.34845260850442206
103927,0.3585345117680091
103928,0.3813192101401319
103929,0.17816319412019987
103930,0.23199305819937133
103931,0.22862389582468434
103932,0.14072233528702924
103933,0.08552074949924052
103934,0.481371823645656
103935,0.33791254666813725
103936,0.4419431883399787
103937,0.3347493637892426
103938,0.36263432000787743
103939,0.49000650522924943
103940,0.22186114241465676
103941,0.1339109410362246
103942,0.13754154517753886
103943,0.5760432935746836
103944,0.2469331840973199
103945,0.3906951334129688
103946,0.48080855576438475
103947,0.10047252368637821
103948,0.29646815943558763
103949,0.44216151781357343
103950,0.08841685726903957
103951,0.2215063949479745
103952,0.3895706339119297
103953,0.6538836259280316
103954,0.11534757835462124
103955,0.37747540916767097
103956,0.11325309924556651
103957,0.558929904599704
103958,0.38591994241288113
103959,0.1266244976204694
103960,0.4893581694020786
103961,0.5967420073347658
103962,0.06932972811535383
103963,0.6088740976766354
103964,0.09406674472543758
103965,0.19389032454468857
103966,0.17392750730357898
103967,0.3605181232546437
103968,0.2814638856884393
103969,0.24240949086221691
103970,0.4527470498016626
103971,0.4175178671517976
103972,0.16863831986813876
103973,0.22728518833133574
103974,0.15969408254421583
103975,0.6052325176926027
103976,0.3320474310490037
103977,0.13579551313051202
103978,0.45673974795718353
103979,0.07093106859286818
103980,0.38679791300172073
103981,0.32607461254813874
103982,0.3286492550339651
103983,0.24740600048309538
103984,0.2096638155897608
103985,0.41906300911495725
103986,0.25984155401831477
103987,0.3149235669277031
103988,0.33943710954156303
103989,0.07748136901040534
103990,0.5098204454059013
103991,0.4780323527864335
103992,0.1060223463883467
103993,0.553511302645577
103994,0.5221169251520541
103995,0.5035182143337158
103996,0.2756021754829437
103997,0.4663601007181193
103998,0.24320898164234317
103999,0.20874637904066012
104000,0.08327520107701195
104001,0.3259482667361613
104002,0.5202201023829811
104003,0.11349069647410623
104004,0.12583837567674105
104005,0.4627628972467296
104006,0.27197163503012933
104007,0.20048661541649074
104008,0.49814922489620184
104009,0.31597945981018877
104010,0.37438346983548476
104011,0.4837243965098656
104012,0.4909347434835854
104013,0.13527016836337113
104014,0.09166558429681484
104015,0.519973838917941
104016,0.24730308162956022
104017,0.5259723725118406
104018,0.16651536646082496
104019,0.13261543387475186
104020,0.08996907835261331
104021,0.14372055937839
104022,0.42576654369258826
104023,0.23873847874024823
104024,0.30502913106734425
104025,0.14464160994159597
104026,0.3100897610121297
104027,0.2539594585408994
104028,0.447833973282023
104029,0.2773044646902653
104030,0.5388052775045028
104031,0.09097435095318435
104032,0.19057363711067987
104033,0.24524368049317166
104034,0.11819931869420461
104035,0.5249342986674634
104036,0.06767794640536073
104037,0.3491941942360428
104038,0.338883298577423
104039,0.2846470732285332
104040,0.32324356359728823
104041,0.3049100172458895
104042,0.18947551558388048
104043,0.18860279611319408
104044,0.15321716473877875
104045,0.17605177610953468
104046,0.6782264571891471
104047,0.5792667160845413
104048,0.22832903205656674
104049,0.14847328380189662
104050,0.4916570867563982
104051,0.08691950377130742
104052,0.25005659657773166
104053,0.1284404406157682
104054,0.3846738240453013
104055,0.20208063468505497
104056,0.25306722426499784
104057,0.14374981256474595
104058,0.06323732140104013
104059,0.09644288301052502
104060,0.5239099164771809
104061,0.4288311018134955
104062,0.2469008915602517
104063,0.13160188715890883
104064,0.2734730890979114
104065,0.5128040191841565
104066,0.1509092739173914
104067,0.4285789479565471
104068,0.19961922450220235
104069,0.3192363146855828
104070,0.2484180839892548
104071,0.5732002303363088
104072,0.08750283500036538
104073,0.09274791233301527
104074,0.08890523465808517
104075,0.4982872158036096
104076,0.5403332226366954
104077,0.5440715044871287
104078,0.09278399894452402
104079,0.5564139234905283
104080,0.07432314140928552
104081,0.45644854980037675
104082,0.23637851165749163
104083,0.18795456083431147
104084,0.5338690298976343
104085,0.46623375969893105
104086,0.07306428686550566
104087,0.22465919836338916
104088,0.34199990832008637
104089,0.3792022396189494
104090,0.3002308490463813
104091,0.5117708499227384
104092,0.4837517240133873
104093,0.5002422281324421
104094,0.12861405392114922
104095,0.11809462981000424
104096,0.32932250268856506
104097,0.13941175807727865
104098,0.19359434920144583
104099,0.34430256496885103
104100,0.20190294832033853
104101,0.11504694352797412
104102,0.11012430602762942
104103,0.41381910438753355
104104,0.17414494228720323
104105,0.24548517403084816
104106,0.3844901837376543
104107,0.47452326863331123
104108,0.6001654425734142
104109,0.5366162754261923
104110,0.22656859121885176
104111,0.143297103532551
104112,0.1351173844191802
104113,0.4133520155858014
104114,0.48530682463483377
104115,0.17237703656455466
104116,0.13835050038799052
104117,0.1091557547862186
104118,0.3716667560807454
104119,0.14080923484079638
104120,0.17617317176856875
104121,0.1625935041883404
104122,0.47884080821692737
104123,0.29257527764707725
104124,0.4109508120018088
104125,0.07236740977401819
104126,0.5476908026128184
104127,0.14622479374696545
104128,0.15027488073032896
104129,0.2673990861775298
104130,0.2687888501572579
104131,0.0833253672991616
104132,0.1935206968993609
104133,0.384320954572531
104134,0.08919850458324055
104135,0.38018105273242037
104136,0.09342234991172557
104137,0.3204146231121623
104138,0.2152139007331098
104139,0.1633555167873894
104140,0.42202786121371016
104141,0.176251562982779
104142,0.44148306661334036
104143,0.26996360452889046
104144,0.18466744946105287
104145,0.6174433154600303
104146,0.5059231576875466
104147,0.2179477894972794
104148,0.491119552920702
104149,0.12493301203019913
104150,0.42302353897726463
104151,0.3903798521814515
104152,0.688933944965672
104153,0.42488271570977143
104154,0.5135992180842972
104155,0.26892107349617617
104156,0.6449123133497093
104157,0.38726521200976305
104158,0.27334029155157513
104159,0.17272493026736385
104160,0.4951138999273488
104161,0.45156368921328605
104162,0.225680793781135
104163,0.5028275995209899
104164,0.14753640087515826
104165,0.08701827263117304
104166,0.4679622400581097
104167,0.47852887688266554
104168,0.0869564253477201
104169,0.2522398258668739
104170,0.17560778370044253
104171,0.4155594085211367
104172,0.2246642943929698
104173,0.243881594774435
104174,0.2685394575678608
104175,0.2579293237963519
104176,0.36787846625935405
104177,0.5234941475283057
104178,0.13974624909544323
104179,0.15405893363424794
104180,0.24690836499668278
104181,0.31084297930130267
104182,0.0893253687687111
104183,0.1087318003375705
104184,0.46180295947030475
104185,0.3046172893435291
104186,0.11298742677845736
104187,0.2543946624189455
104188,0.1723499232390872
104189,0.4331063506615278
104190,0.5445521201414987
104191,0.3105870768301267
104192,0.2139944505664148
104193,0.09779481835268497
104194,0.3110971587861488
104195,0.34830769647466375
104196,0.43744928480062095
104197,0.10163523531407997
104198,0.19252262583476742
104199,0.31636972633195953
104200,0.0716010664034292
104201,0.10801654661849885
104202,0.3428012416067506
104203,0.24815227046262547
104204,0.2732780330034009
104205,0.10670667633614131
104206,0.2619683813188459
104207,0.44810695743134876
104208,0.49356679960383176
104209,0.43040422371785764
104210,0.07016904061363763
104211,0.254492526499013
104212,0.4127617100445262
104213,0.5066481483403102
104214,0.27459623890651325
104215,0.42145544643437916
104216,0.4626278016939074
104217,0.32421657212689076
104218,0.314345469599343
104219,0.08661052420915492
104220,0.5467728489735544
104221,0.11106301462897207
104222,0.18343777087780244
104223,0.479664954389738
104224,0.28330751373164775
104225,0.37230549338423835
104226,0.21789138407202624
104227,0.443838179826968
104228,0.15663180798702464
104229,0.19266414625717038
104230,0.42716662873373845
104231,0.41390012476683524
104232,0.4996100113329096
104233,0.5864724421929935
104234,0.6170081100758038
104235,0.07383857743932096
104236,0.2072121384052611
104237,0.33710593201706035
104238,0.4546079079113361
104239,0.23081736349044057
104240,0.3463015433832868
104241,0.1466013134977191
104242,0.16515443705024235
104243,0.19982027963514576
104244,0.4224724241092875
104245,0.0903343792637635
104246,0.5133457264792044
104247,0.1344115534538515
104248,0.19274251467046177
104249,0.5521690317106314
104250,0.27125150847883395
104251,0.49847390352274357
104252,0.5285382183289069
104253,0.6407058620249964
104254,0.18320134459379056
104255,0.24786761991305487
104256,0.4656070059866363
104257,0.17154841871841214
104258,0.49801542355063766
104259,0.17681601400145996
104260,0.5762667451247876
104261,0.42658401793958767
104262,0.15052526280513706
104263,0.272611623832103
104264,0.27968832918321945
104265,0.07980690398071373
104266,0.565633167952952
104267,0.21963520003187215
104268,0.46469534758606024
104269,0.40628057796355177
104270,0.1684891598796902
104271,0.20720292276057262
104272,0.5119903344620067
104273,0.2411322456216874
104274,0.41308140007456573
104275,0.5479171494997445
104276,0.4486345623053337
104277,0.456787067294476
104278,0.410213538572363
104279,0.10641340685433807
104280,0.3728695624555929
104281,0.5878092355358935
104282,0.4903397043309298
104283,0.4324508671276052
104284,0.29980399933362634
104285,0.438997787150441
104286,0.3685721089469873
104287,0.10119170877769294
104288,0.37180426183171755
104289,0.11195518564387379
104290,0.0941897339055556
104291,0.10379427274143574
104292,0.4498721082644229
104293,0.6368305178502198
104294,0.09231748956446775
104295,0.413572575558177
104296,0.17034487661391404
104297,0.3229088039455231
104298,0.40229191177690193
104299,0.30595422798820926
104300,0.4624777969101686
104301,0.09553454016816346
104302,0.0996162387580249
104303,0.2728992863847158
104304,0.132131676383967
104305,0.6845413759878707
104306,0.23607194887404884
104307,0.18579469917749958
104308,0.16718098822406674
104309,0.3858956010088238
104310,0.055338069470928744
104311,0.6699165268220226
104312,0.2199469070639014
104313,0.11583440618573135
104314,0.3160180277901784
104315,0.33843814404472583
104316,0.10314634860042632
104317,0.19057587585728056
104318,0.5833318223504145
104319,0.4067912745024647
104320,0.19910643922293048
104321,0.31760799463101863
104322,0.46082428977408824
104323,0.44447161593084367
104324,0.569045509347176
104325,0.2064656747483863
104326,0.5084952123948779
104327,0.3578883125483698
104328,0.4496138506945607
104329,0.12316849805607837
104330,0.6002265565392506
104331,0.3278266933390179
104332,0.12402345421139983
104333,0.07773055648914505
104334,0.33708814773939333
104335,0.22097909045683828
104336,0.3564465458627859
104337,0.4375231874007325
104338,0.48998134006904437
104339,0.6039046925285401
104340,0.19360245896548756
104341,0.42801472115598876
104342,0.4231207106413154
104343,0.5789663615655425
104344,0.31569143374570047
104345,0.06862106356085035
104346,0.4974648034413004
104347,0.1787643754471481
104348,0.16162454820369765
104349,0.4048333791699315
104350,0.06003519853697645
104351,0.3388986083723685
104352,0.40641100354473764
104353,0.48426967134169274
104354,0.15026758848466448
104355,0.08505344667919909
104356,0.10066567559249315
104357,0.232639516145979
104358,0.3074513275205729
104359,0.5210811602859732
104360,0.059366968388472816
104361,0.16322810063693144
104362,0.39419859045958566
104363,0.2900792927451872
104364,0.1545645506518657
104365,0.5764809029146408
104366,0.16499542262471772
104367,0.32856889670302986
104368,0.31388930312806984
104369,0.5751516746959217
104370,0.19720544488833897
104371,0.4072951161987165
104372,0.32676057134128306
104373,0.317906453294125
104374,0.10696459666122853
104375,0.3135178784511794
104376,0.39199852505295146
104377,0.4517813063280006
104378,0.39534976271418343
104379,0.2636024335779967
104380,0.09565751224170775
104381,0.3525700394916669
104382,0.08500750413250575
104383,0.16481200901273774
104384,0.4816665059068783
104385,0.2845046466410358
104386,0.21189028439286708
104387,0.4312814114540551
104388,0.3977331231137871
104389,0.06638644898288132
104390,0.4072380737649892
104391,0.23091825862743376
104392,0.16599372180940636
104393,0.10822567551950144
104394,0.10648807130370916
104395,0.17790720449109912
104396,0.30468051509996585
104397,0.36583601081915834
104398,0.2689983035837825
104399,0.26116551699902035
104400,0.36656693945430097
104401,0.3157555823382312
104402,0.26909582401793414
104403,0.06983987465196614
104404,0.42323825292751593
104405,0.3157863828211771
104406,0.2372727211104998
104407,0.07670459645844033
104408,0.11254590833895413
104409,0.5866877046001356
104410,0.6279061520083404
104411,0.23234829255983952
104412,0.22502355461874618
104413,0.47659795992419784
104414,0.16206277380594603
104415,0.37181905531426596
104416,0.2593549166279403
104417,0.6067522419731566
104418,0.5555512570922794
104419,0.3469742946670123
104420,0.34951090888497316
104421,0.24654799523663182
104422,0.16911920207432468
104423,0.17520377269611156
104424,0.43199598598433486
104425,0.4187905596246221
104426,0.3956899292841618
104427,0.2618977917457681
104428,0.6094207752534151
104429,0.35019211945818374
104430,0.158786523766469
104431,0.6134795444571768
104432,0.3757256503175904
104433,0.09323464892924076
104434,0.18444490628473023
104435,0.1875975867697209
104436,0.16788650980951136
104437,0.5390663910221076
104438,0.5298649435147238
104439,0.1034362560370095
104440,0.5491243123451364
104441,0.15460519349637356
104442,0.47073900377630873
104443,0.5872116995280247
104444,0.4716083454231257
104445,0.19072901219168234
104446,0.059533755017512575
104447,0.08393655906179216
104448,0.2539638869035532
104449,0.10245417515427928
104450,0.07113047336420966
104451,0.07202502007425565
104452,0.07753896055629339
104453,0.1589663805952314
104454,0.1285652766699807
104455,0.21535310886523262
104456,0.38951010820226317
104457,0.5157228837365075
104458,0.33847180912142105
104459,0.3307138329867181
104460,0.5488718855029748
104461,0.16570568801099866
104462,0.228559916062996
104463,0.3345081822319812
104464,0.45886772254321684
104465,0.13156805705539307
104466,0.18649536654870788
104467,0.11837790175078984
104468,0.109126770054181
104469,0.1342362211452706
104470,0.4901058819599319
104471,0.10356668252614222
104472,0.4213000690582999
104473,0.4321332523711357
104474,0.0652893247495677
104475,0.5102397266538642
104476,0.27473835532909774
104477,0.5902006381989107
104478,0.35162312186656874
104479,0.07275841299426268
104480,0.24799135719105625
104481,0.16411327503823342
104482,0.16747562779334652
104483,0.38771712134064057
104484,0.4881922972588661
104485,0.23912677810223426
104486,0.32074061574102497
104487,0.21315635875844546
104488,0.07378653695892069
104489,0.41729810464519257
104490,0.12283675818590604
104491,0.4386291826053405
104492,0.5174015777268048
104493,0.5634375794870975
104494,0.37095172524174924
104495,0.37165704695310686
104496,0.27482232322336764
104497,0.3617559141291323
104498,0.4872258951797449
104499,0.3357110475437079
104500,0.30280861161542555
104501,0.5036923244164535
104502,0.29989051587872906
104503,0.22988805202015808
104504,0.3242240136335858
104505,0.14589345093966055
104506,0.5458595283971925
104507,0.4466374235632641
104508,0.5274282395685835
104509,0.6107183001610896
104510,0.4221224378715228
104511,0.45371523068885566
104512,0.5141461723701108
104513,0.2829779519760625
104514,0.5405847403294071
104515,0.5472869043839138
104516,0.6208197756201219
104517,0.2781630378169424
104518,0.06622616138881281
104519,0.44791043647887174
104520,0.23581699349267382
104521,0.5214759102302129
104522,0.12653199255002773
104523,0.36902697265465045
104524,0.4660024598389074
104525,0.5716276536571326
104526,0.13754431795508532
104527,0.17544473445236067
104528,0.6554047167888439
104529,0.27678945174471725
104530,0.22732518442813418
104531,0.34613940712932223
104532,0.5142654569533704
104533,0.2597957732572457
104534,0.3514530094435022
104535,0.1541619424931293
104536,0.18146122907027432
104537,0.09319160351472633
104538,0.36951194314890146
104539,0.2474917311692401
104540,0.16601809014321595
104541,0.4356336388561596
104542,0.29262601676585903
104543,0.07122966116527833
104544,0.48566044109631856
104545,0.1872646261331051
104546,0.34848994135939493
104547,0.4845553234346828
104548,0.5301012421329072
104549,0.47096254817175365
104550,0.594395305706867
104551,0.43149315548560074
104552,0.20951631117984104
104553,0.2869078210956625
104554,0.08342207401523209
104555,0.12914784136693985
104556,0.08338347224909862
104557,0.10853194580227879
104558,0.17242637811864234
104559,0.5570875090365472
104560,0.4035854727361624
104561,0.48687782706170624
104562,0.3246196453988495
104563,0.5178701772700152
104564,0.5474663577850534
104565,0.39125656690883504
104566,0.29048148534348206
104567,0.5158458850562186
104568,0.1836062487054988
104569,0.5585039830046283
104570,0.24650751438728086
104571,0.4379783639752019
104572,0.05761146828134869
104573,0.5919435744394118
104574,0.47242450657294527
104575,0.36745050351767006
104576,0.35080545232796456
104577,0.13392952512680412
104578,0.5070424071754174
104579,0.44182870233312843
104580,0.48086349125395395
104581,0.09295442027276976
104582,0.5097666970549704
104583,0.328847845394117
104584,0.34633702326091087
104585,0.08125247937755473
104586,0.33158946979315174
104587,0.14859958120504493
104588,0.24411867372177612
104589,0.2926140961351214
104590,0.5222799855816307
104591,0.10454841757474206
104592,0.5278811427757417
104593,0.3044916686401984
104594,0.2920387338239232
104595,0.3017265481292792
104596,0.1811441734101749
104597,0.20756721624585617
104598,0.31703394395271944
104599,0.486715164117392
104600,0.40811225254580297
104601,0.12213299656022217
104602,0.15646982460473524
104603,0.05684864381242382
104604,0.13755617985135377
104605,0.1096269147335892
104606,0.20674627270918716
104607,0.18285817346062755
104608,0.7183560957824953
104609,0.4914831781700582
104610,0.20295552355199434
104611,0.08945582485800178
104612,0.5336403915602186
104613,0.10959708301149697
104614,0.38990885362155897
104615,0.5647312505932995
104616,0.4147501498168012
104617,0.6067330529286693
104618,0.30651025979509516
104619,0.5709821136836042
104620,0.06329741741101835
104621,0.5196825100741946
104622,0.18558829577675728
104623,0.183845037955465
104624,0.10088032212825103
104625,0.32242242942900606
104626,0.09532242796350814
104627,0.232942758494451
104628,0.19977809194798035
104629,0.15340253479227745
104630,0.5524587690732461
104631,0.47901832010489576
104632,0.3180775962594026
104633,0.35361637655037137
104634,0.5524358458371613
104635,0.07484483928346568
104636,0.09206490622839233
104637,0.10072203705810565
104638,0.424420801095
104639,0.28285115164520225
104640,0.3529002483365538
104641,0.4933193321236309
104642,0.08134731757499856
104643,0.5328149511534187
104644,0.4364643068844556
104645,0.2205104715118493
104646,0.5497660311262431
104647,0.35895099620761084
104648,0.07271077165198657
104649,0.13274262908285328
104650,0.34469589976074017
104651,0.47655684642026086
104652,0.1895324945773516
104653,0.5450409697632876
104654,0.18065642482519972
104655,0.17571078364018228
104656,0.09551307660632544
104657,0.05892770553442185
104658,0.220771773837743
104659,0.17485086271240396
104660,0.12640447176303632
104661,0.4951229201521542
104662,0.19276294788895199
104663,0.082522975159839
104664,0.1340007013580229
104665,0.17071858877604268
104666,0.5134220817885553
104667,0.2567065516901379
104668,0.11122547839302249
104669,0.3095930771053921
104670,0.1109152000643556
104671,0.3052655140135082
104672,0.2653493378824414
104673,0.16521412691219506
104674,0.3852015444549349
104675,0.34437462195849977
104676,0.5720418705454433
104677,0.15840432240924252
104678,0.12870385724437244
104679,0.23733651392004157
104680,0.18259879884134878
104681,0.440318219411612
104682,0.5557377486623277
104683,0.1457292905479264
104684,0.19923336346197246
104685,0.274665645466123
104686,0.05945778719171062
104687,0.19083598710259614
104688,0.12036000821776041
104689,0.3704538396554532
104690,0.31137834648782725
104691,0.0895583707618269
104692,0.22112786361593442
104693,0.4557339983792868
104694,0.14462955209740236
104695,0.11597391698318543
104696,0.2027344982255253
104697,0.21620978788542117
104698,0.4439567800672727
104699,0.45425934443086424
104700,0.6492251526146227
104701,0.3253475125107508
104702,0.4898060151831408
104703,0.3993774726586039
104704,0.10500477348172463
104705,0.10419954091164738
104706,0.6151556342898918
104707,0.13227890842535883
104708,0.13267742452814543
104709,0.48257095642069525
104710,0.5127027564587627
104711,0.13194503425519089
104712,0.07414300181405603
104713,0.3306060184823165
104714,0.1210244433720822
104715,0.07198866299641
104716,0.27476980359258685
104717,0.5272785060358922
104718,0.5666957081136783
104719,0.5189055566197287
104720,0.3192897164861356
104721,0.06541190845591141
104722,0.5068259907010123
104723,0.37125734032223284
104724,0.6340107191899906
104725,0.2740019575520968
104726,0.34370408070077535
104727,0.1034492595148219
104728,0.4922773946443701
104729,0.47573836509145356
104730,0.3423158548756604
104731,0.5459664009778203
104732,0.09502839089167636
104733,0.26513067699991655
104734,0.5580525878770417
104735,0.061209925965190884
104736,0.19320541142850148
104737,0.3611507827836279
104738,0.1405001446217674
104739,0.3764617421852646
104740,0.42366613260276337
104741,0.4246553587221232
104742,0.4336164621243409
104743,0.08759809473665689
104744,0.19117512626785538
104745,0.4964380132131063
104746,0.0943300137969729
104747,0.3589773801471131
104748,0.13778598791729496
104749,0.14795685523900223
104750,0.330009336202263
104751,0.3561711289067512
104752,0.1538159444460188
104753,0.392187061191892
104754,0.3704589010449501
104755,0.5162446749804644
104756,0.640200629148312
104757,0.5626652003968244
104758,0.09394207437035434
104759,0.3524252517940293
104760,0.5023795754221838
104761,0.1630816919531214
104762,0.12638373233734146
104763,0.3947723755853656
104764,0.5684861908857817
104765,0.2436389296553874
104766,0.532019374788988
104767,0.10479389611710634
104768,0.43053479748174506
104769,0.38436390620100824
104770,0.5704923909670739
104771,0.255258963431082
104772,0.3142169009468455
104773,0.24477769251572506
104774,0.3489850730909327
104775,0.2466614919448828
104776,0.4338351171472281
104777,0.5780230174942189
104778,0.3681740983984529
104779,0.07259285974227661
104780,0.2689998382897495
104781,0.1545552660165836
104782,0.3207582791953437
104783,0.5475356528938997
104784,0.3227242312372636
104785,0.5753829240157713
104786,0.4610539186792978
104787,0.32038920735884213
104788,0.08027826072371075
104789,0.3812016526804308
104790,0.3356388806552797
104791,0.12577868627431527
104792,0.25339704073605107
104793,0.11669401971746536
104794,0.15518700286084083
104795,0.49208316998397084
104796,0.4735172630451415
104797,0.4578091506738352
104798,0.5795410103061299
104799,0.41984639888871506
104800,0.34214213084230866
104801,0.10567002214010532
104802,0.08373037990964488
104803,0.4197252717303181
104804,0.3048243216233778
104805,0.40500964294346253
104806,0.5406559605236365
104807,0.08828146678103527
104808,0.20862497155247284
104809,0.43907665434777887
104810,0.5711029656606029
104811,0.06622343328134794
104812,0.10548816835241562
104813,0.32957569866919056
104814,0.11965172335769858
104815,0.18136284802117403
104816,0.15502905898383662
104817,0.18711678506455792
104818,0.1872802990039848
104819,0.10742121966763642
104820,0.2477638017489814
104821,0.2834169213172962
104822,0.1517932377300686
104823,0.43033222269895455
104824,0.251714267477831
104825,0.5717637082671448
104826,0.09362921408055976
104827,0.21088883786779825
104828,0.44182878959016336
104829,0.35248375393566933
104830,0.17251090386010606
104831,0.5461194487883165
104832,0.41224598149854647
104833,0.4112654438434642
104834,0.49064248242444686
104835,0.4669440337828587
104836,0.09893846834486224
104837,0.10749938720489054
104838,0.23107472749490499
104839,0.18781373761952447
104840,0.3883792348842111
104841,0.09330622245461183
104842,0.14194145090443014
104843,0.17142625852821072
104844,0.09450381040419559
104845,0.2371174084613284
104846,0.3252398779934911
104847,0.5019121043954266
104848,0.10211562860818518
104849,0.10631732018841945
104850,0.1922925105367384
104851,0.478312514013173
104852,0.4964790265699791
104853,0.46516790100837857
104854,0.3906249049039999
104855,0.3645747509871471
104856,0.42571931608406405
104857,0.2208716067457681
104858,0.23290232684389414
104859,0.09267230713094632
104860,0.25554005076472563
104861,0.07536350895333067
104862,0.29631766454420216
104863,0.48564819523035097
104864,0.4113237499761876
104865,0.27787695430817894
104866,0.08039035830815006
104867,0.4952670909063809
104868,0.5659414517791572
104869,0.27993211549766345
104870,0.35587582380140315
104871,0.40682007618196886
104872,0.19582221899862728
104873,0.14638405346084785
104874,0.3618086918740236
104875,0.5908692120783544
104876,0.24390217524339164
104877,0.6072110265429855
104878,0.40583538438984323
104879,0.6000394928047263
104880,0.14332006061793742
104881,0.5245929401881254
104882,0.06542636860932974
104883,0.26118926659327957
104884,0.17959964905437667
104885,0.512851973108974
104886,0.18198047137937856
104887,0.1455661538196561
104888,0.23913270448420898
104889,0.5234531860056562
104890,0.11145627412415474
104891,0.149777774766854
104892,0.16174117890114154
104893,0.09302514942669177
104894,0.5039257480618631
104895,0.12104241019263652
104896,0.3843136880559953
104897,0.5470441126139767
104898,0.25258961923325335
104899,0.279220083746893
104900,0.16877420622336597
104901,0.4841149028648597
104902,0.4254434124190057
104903,0.19018635134776107
104904,0.6033082160163307
104905,0.49192267657447863
104906,0.49609852471181715
104907,0.4067514236704263
104908,0.5161712435974206
104909,0.4129750269988181
104910,0.1520412363364403
104911,0.2198945009378323
104912,0.5713500180852658
104913,0.3893942581339061
104914,0.5011523439682395
104915,0.16670438708494667
104916,0.2818697827044857
104917,0.28256724041050796
104918,0.18881699966597265
104919,0.2612408731910657
104920,0.49757696288260445
104921,0.6143696429758602
104922,0.10439468590893572
104923,0.17591799798225902
104924,0.07702580558340191
104925,0.5683005281107525
104926,0.3323464110773916
104927,0.3074874916996334
104928,0.5771214504144733
104929,0.4187473120619951
104930,0.14105272807774488
104931,0.3251677142870582
104932,0.1268262203798176
104933,0.15040699276101596
104934,0.58766678919139
104935,0.4633217977336598
104936,0.24283910312787502
104937,0.13850055235685999
104938,0.4045386955717798
104939,0.2801228685161161
104940,0.07359434131446169
104941,0.219355790519203
104942,0.4133190075235114
104943,0.15410090167175042
104944,0.318722225421541
104945,0.424067342209689
104946,0.47403053605212453
104947,0.5046024908077428
104948,0.17551494803004825
104949,0.16971439045488834
104950,0.622788741967678
104951,0.2504750216772802
104952,0.09895219134078329
104953,0.2905093710249762
104954,0.3391862452969522
104955,0.4458252351045078
104956,0.17642646901196485
104957,0.4693688249545502
104958,0.64940693029812
104959,0.2462460724667646
104960,0.20967439349520223
104961,0.21918057238650565
104962,0.5138082943172884
104963,0.07929065628978293
104964,0.4965742848532138
104965,0.09134836481789532
104966,0.1668129438485185
104967,0.08319951946781326
104968,0.34944140711768623
104969,0.19507486517792605
104970,0.2455446108986546
104971,0.11543277337212646
104972,0.1332373751125609
104973,0.22989560984086618
104974,0.1757667339461556
104975,0.501321207318508
104976,0.12988858287132096
104977,0.05413053384704759
104978,0.2620318794507172
104979,0.24415649889318308
104980,0.5005679739835205
104981,0.08368384325365366
104982,0.16738260789875065
104983,0.4328199575507651
104984,0.5488549861027068
104985,0.22939294877397762
104986,0.29486911481216743
104987,0.3750475280160627
104988,0.22321987038243737
104989,0.6994031960012408
104990,0.07783880527487913
104991,0.40830788115120775
104992,0.43123556189932094
104993,0.3380366368670236
104994,0.06523018284799303
104995,0.07055151468782775
104996,0.28130757978229
104997,0.14404156600963475
104998,0.34990946393388367
104999,0.22642346848757802
105000,0.4852608025912495
105001,0.5348439771687852
105002,0.14365953943748172
105003,0.14688161746804515
105004,0.43516330765567235
105005,0.3586069438793138
105006,0.24353248539116784
105007,0.25783901405478726
105008,0.12442005868774803
105009,0.11776599982602809
105010,0.08941762711199291
105011,0.3369176598277719
105012,0.321008840342081
105013,0.3473512937344461
105014,0.4039637408945974
105015,0.3756961136553041
105016,0.40973022870092934
105017,0.5793804085544703
105018,0.42487113062945325
105019,0.14732389303785862
105020,0.29346758121226557
105021,0.494966540194091
105022,0.29063355073234265
105023,0.09768473402407737
105024,0.1370279277844993
105025,0.48271964293217395
105026,0.34430478019567806
105027,0.06085536323101036
105028,0.47571067153852703
105029,0.501323578851009
105030,0.2770936102079804
105031,0.5635873333144157
105032,0.16944123342083367
105033,0.11932161858731477
105034,0.0670912849228485
105035,0.4282893382722662
105036,0.25759717680724564
105037,0.2821756836688952
105038,0.48322914680053397
105039,0.30791309317636234
105040,0.3958147192019398
105041,0.08338442651405098
105042,0.4083442456292031
105043,0.1113618430181641
105044,0.4472369925405896
105045,0.06037868654326212
105046,0.13019065241150474
105047,0.33591558000696287
105048,0.10378087326325505
105049,0.29941932049606557
105050,0.39550443761688575
105051,0.11459805307030162
105052,0.35285630733514967
105053,0.07914433044877033
105054,0.12541480294367327
105055,0.2288615601081992
105056,0.14897583352603055
105057,0.10709797567867832
105058,0.5887037268259282
105059,0.1096244689390646
105060,0.53775362345011
105061,0.27569833504189856
105062,0.21889739067153707
105063,0.5027319351882358
105064,0.14813871022501757
105065,0.4060419637205463
105066,0.056594864500145343
105067,0.2720284585458773
105068,0.46341990837046754
105069,0.07843113473974736
105070,0.20230720835790025
105071,0.2649953942276939
105072,0.10207211228842414
105073,0.2726518835563743
105074,0.4578118355539534
105075,0.30498835117661294
105076,0.1941886545572471
105077,0.09486799072772181
105078,0.09029137696805314
105079,0.11448759939214184
105080,0.11407048929697233
105081,0.23174670466180422
105082,0.5676688988473108
105083,0.4659791844389863
105084,0.06494195471509186
105085,0.5944368058607139
105086,0.1621804044008483
105087,0.2483624254106862
105088,0.2935119444464799
105089,0.34992819819263155
105090,0.3718649727016855
105091,0.09586781031846331
105092,0.12559122192767724
105093,0.2412118910138132
105094,0.5041243311975158
105095,0.37309503344379585
105096,0.26801695968165234
105097,0.22291833433309996
105098,0.3264471637784257
105099,0.2327342633822664
105100,0.35108175990264745
105101,0.48514433937108226
105102,0.4181535537878325
105103,0.16650296352513277
105104,0.20264600402415475
105105,0.1052678489695972
105106,0.5722910565659943
105107,0.38893840216966635
105108,0.3280015372702054
105109,0.38943410674818263
105110,0.25530501647395837
105111,0.19970836186477617
105112,0.35616399108863883
105113,0.43066276492710664
105114,0.32594650883635407
105115,0.08620703971670567
105116,0.5386762380167668
105117,0.4860286749652003
105118,0.4036268891501091
105119,0.18631914408092876
105120,0.4655060338313398
105121,0.5282103753097609
105122,0.14729832333416118
105123,0.45001784682168705
105124,0.5795795936617592
105125,0.5735795080957548
105126,0.12506595330199172
105127,0.36952366321547503
105128,0.2608594569194529
105129,0.1786719939784388
105130,0.4946423876657374
105131,0.304175819484887
105132,0.10713186018471356
105133,0.3048075832451616
105134,0.46068626261481627
105135,0.16303706991409148
105136,0.39660801921868566
105137,0.21867826514991326
105138,0.31626817052063605
105139,0.7618314445952317
105140,0.3895679881389874
105141,0.2556358027919524
105142,0.3261151707560929
105143,0.3557989839769319
105144,0.5969648554714703
105145,0.419840969321064
105146,0.520097955491639
105147,0.5004177156460337
105148,0.10047657612912858
105149,0.07387352942180235
105150,0.356493055993387
105151,0.2212166474078623
105152,0.2126588350814655
105153,0.12663996294753133
105154,0.1753735836865803
105155,0.13246541504789222
105156,0.3795846738488866
105157,0.37465786421762104
105158,0.5103886488747561
105159,0.22715577749337956
105160,0.1238750242964411
105161,0.08963243582028331
105162,0.6012730856271538
105163,0.7142857114566674
105164,0.22089301932916128
105165,0.08229134896628315
105166,0.2953137644592587
105167,0.2852823131683828
105168,0.2068538328674899
105169,0.13189265306378617
105170,0.5282623375216278
105171,0.4720609810781926
105172,0.35000350052993623
105173,0.5687364887473715
105174,0.2833826331702061
105175,0.24008312841918872
105176,0.08984418188573334
105177,0.20971372785595455
105178,0.23116098358209808
105179,0.3982288303326447
105180,0.33705707107466937
105181,0.5312972138394418
105182,0.41793890349452767
105183,0.35908752272765593
105184,0.39213584985320765
105185,0.4774649350256116
105186,0.48116497423125193
105187,0.148794876816343
105188,0.15075578706183546
105189,0.12222918820969171
105190,0.05697524382269856
105191,0.10659524354998709
105192,0.16345802922146052
105193,0.05900498413959708
105194,0.3508354097943486
105195,0.09218323156573961
105196,0.07509537111211617
105197,0.10061521389308295
105198,0.136110337805206
105199,0.10125294701004041
105200,0.49953826336318397
105201,0.1797284502000902
105202,0.1174370238284118
105203,0.6192174564582063
105204,0.0919357041198807
105205,0.1846238069369137
105206,0.17514335583689783
105207,0.13630098855628464
105208,0.3784448662654536
105209,0.1151343371171552
105210,0.5278739491118216
105211,0.37828082389454243
105212,0.41004112759071354
105213,0.5596769998371225
105214,0.13704529423005302
105215,0.4391508256456099
105216,0.2672066259021005
105217,0.5294992809800017
105218,0.19558231229153406
105219,0.09849463474928806
105220,0.460890525170342
105221,0.5593988526597374
105222,0.14698764881581608
105223,0.13681001113624808
105224,0.20698508002256832
105225,0.08909891251083504
105226,0.13245209909989641
105227,0.13207578052527105
105228,0.2705785720427415
105229,0.06682789864473716
105230,0.5972720644669549
105231,0.29530423903280223
105232,0.4870637048011398
105233,0.20666109155228893
105234,0.4995754960624428
105235,0.5024786762777623
105236,0.1791968901950958
105237,0.22586069964374822
105238,0.5432873577254822
105239,0.5008693824162438
105240,0.16044959146067822
105241,0.11804753350105901
105242,0.631088437189626
105243,0.17820840600018495
105244,0.22717610607237732
105245,0.15695078359012324
105246,0.1159932903221827
105247,0.5812874970705103
105248,0.0984619579091001
105249,0.40123131214061025
105250,0.47256983179270823
105251,0.09394317234571982
105252,0.31489395664328956
105253,0.22541345311885463
105254,0.11583782021811725
105255,0.41734651872246264
105256,0.14068421310392187
105257,0.1735707810300773
105258,0.1853894485397321
105259,0.34014771756822526
105260,0.3755215615428408
105261,0.1483690240384241
105262,0.25134614524295473
105263,0.09777702239877346
105264,0.13306500216249534
105265,0.5676656556666848
105266,0.2744700298582209
105267,0.5792727952045471
105268,0.20801942955110983
105269,0.5038814155002972
105270,0.09009175240255315
105271,0.09995103775871197
105272,0.10506301863689846
105273,0.1523257755239431
105274,0.11898605045639915
105275,0.0632537470456191
105276,0.32549627875252096
105277,0.09134314118109227
105278,0.22538985277992207
105279,0.5850149150430192
105280,0.2503506036621824
105281,0.16087623069922732
105282,0.34781223465500555
105283,0.22880351131103274
105284,0.13128452527859344
105285,0.19082761162775008
105286,0.22551302239368734
105287,0.14727097806246484
105288,0.19227734965068724
105289,0.5138113028740285
105290,0.5138405630736649
105291,0.5712071234665471
105292,0.6502301524360805
105293,0.14365872539278682
105294,0.07947283308158494
105295,0.5193022317566315
105296,0.1892208410751255
105297,0.1003554771068397
105298,0.640758296187636
105299,0.37895655750371365
105300,0.4004572292724545
105301,0.47462987236223675
105302,0.31608910921382816
105303,0.3838454519886678
105304,0.11031420074588019
105305,0.2763325469849356
105306,0.11290521687570591
105307,0.3611593044609861
105308,0.2500724417892948
105309,0.18064522892226723
105310,0.5120425746081689
105311,0.11193618635341429
105312,0.4413218340571216
105313,0.08128193682431734
105314,0.088101726587157
105315,0.26127877001109523
105316,0.5748418901440197
105317,0.08042314982926982
105318,0.5951541175489063
105319,0.3429523893479378
105320,0.08978555358892157
105321,0.1026058093512299
105322,0.20554961164270363
105323,0.12279605391666343
105324,0.4272821378729748
105325,0.34172365747527955
105326,0.2263533066304932
105327,0.38969869623966935
105328,0.08005879794477846
105329,0.10359721211590572
105330,0.35244012799757063
105331,0.15137487208360534
105332,0.10189193612442675
105333,0.3553336584063229
105334,0.24724889219017546
105335,0.3529390136606008
105336,0.18069752761943553
105337,0.19880252044856248
105338,0.4034441822004442
105339,0.44325309398858137
105340,0.5271108526397177
105341,0.4086067062892703
105342,0.3647450611531349
105343,0.4578391809195046
105344,0.13514743519083566
105345,0.47646597094062526
105346,0.4575567915587682
105347,0.2419539263818533
105348,0.24914040513975233
105349,0.3252653661045906
105350,0.5221631687681956
105351,0.5614607403946118
105352,0.5635057905491597
105353,0.08330192920053756
105354,0.5601944459958356
105355,0.37461456239663016
105356,0.26480876981773477
105357,0.15942048928342378
105358,0.40771705110804024
105359,0.48773701629459176
105360,0.07678983820602286
105361,0.15702111235760124
105362,0.20043456368705265
105363,0.33088422232059833
105364,0.05889931770909349
105365,0.39662923446107967
105366,0.15860857703940426
105367,0.6302919287079095
105368,0.548579989541629
105369,0.09076363532050392
105370,0.13606350111215054
105371,0.10561378064687407
105372,0.406567445755077
105373,0.1606548237031807
105374,0.5906985642879052
105375,0.11346706907893128
105376,0.17572301914996624
105377,0.15618827520124168
105378,0.39835315054897324
105379,0.46702955020413045
105380,0.23220731808239145
105381,0.06531254360303149
105382,0.11855333279733153
105383,0.177709957301121
105384,0.18227665545491706
105385,0.13490850684573003
105386,0.22166323301416813
105387,0.3235952849551288
105388,0.1815000989419844
105389,0.26270210380235615
105390,0.4227486470728662
105391,0.35245238227102804
105392,0.4563232676197972
105393,0.5218966681645224
105394,0.44161646662705945
105395,0.12222657221776356
105396,0.539198496619605
105397,0.2487897129374686
105398,0.25456562824410417
105399,0.11032356208030536
105400,0.2244522085779895
105401,0.4036068277275663
105402,0.2221725630286953
105403,0.08119940096503493
105404,0.23216065370695432
105405,0.31396547028008226
105406,0.4754509966646675
105407,0.10763819455719348
105408,0.11332964882901309
105409,0.3122663767578028
105410,0.4928304188888398
105411,0.0987703699025736
105412,0.10624173381341893
105413,0.10406509039517496
105414,0.36438938727381315
105415,0.4669954047275958
105416,0.6090273370082346
105417,0.35642007111686597
105418,0.5822392907207878
105419,0.45576751000459104
105420,0.35564653887492903
105421,0.2979845156150619
105422,0.4304757609092686
105423,0.3070454729468811
105424,0.1333774337523434
105425,0.07152760838189662
105426,0.22110815095832853
105427,0.48660210705604495
105428,0.14310699380587555
105429,0.34503161288008244
105430,0.32598865581806336
105431,0.5594669832407435
105432,0.5302751467535998
105433,0.19601526448015377
105434,0.4012405551565871
105435,0.3628843437829594
105436,0.21903832047101213
105437,0.2195127070860527
105438,0.4521973813274279
105439,0.24170214599557702
105440,0.48339583594948365
105441,0.11291285779143595
105442,0.07072437117355532
105443,0.08439319381490579
105444,0.5339834880582834
105445,0.0845210628393852
105446,0.21375101642694916
105447,0.36461260728569406
105448,0.3868209194759729
105449,0.19004814151923288
105450,0.06777581510894917
105451,0.5612448619237184
105452,0.13314736184983547
105453,0.3084033465811194
105454,0.3353568637486078
105455,0.3954548227076852
105456,0.4584993367777962
105457,0.1800626342205525
105458,0.4202140424954646
105459,0.12686034255082834
105460,0.4671108503855386
105461,0.4916994354282699
105462,0.2904832324771082
105463,0.45314520847917733
105464,0.5440972369392424
105465,0.29618459495682137
105466,0.3874057723138016
105467,0.5590110725877906
105468,0.3317608482198915
105469,0.36033826713408423
105470,0.5456899078673909
105471,0.51660677700334
105472,0.4789432070142263
105473,0.14584640657970502
105474,0.2653027160284606
105475,0.41055015235326797
105476,0.09856046977801385
105477,0.3628668538137537
105478,0.10330824312588274
105479,0.17846984139790106
105480,0.2352608598376053
105481,0.07180914404251548
105482,0.6215734457721367
105483,0.3207786990944997
105484,0.3692341691145061
105485,0.12655910839592754
105486,0.06400236319608857
105487,0.5944786542474123
105488,0.3326081501174823
105489,0.4077466399827353
105490,0.38054635778562784
105491,0.16409387848949947
105492,0.09434702883801158
105493,0.3885591931174731
105494,0.25652537093799344
105495,0.5319288299895817
105496,0.10370770691483908
105497,0.39004068009901827
105498,0.09161454463078905
105499,0.13238983002915455
105500,0.35162490687621495
105501,0.42747438613316596
105502,0.45676020220055435
105503,0.38579574322158616
105504,0.37411274584311116
105505,0.09178626940936835
105506,0.22574505365668618
105507,0.3506378761124439
105508,0.21144922579921227
105509,0.4085672643829029
105510,0.5651717461160607
105511,0.4460590672290232
105512,0.2703235524209795
105513,0.13110846280382457
105514,0.1510523547413244
105515,0.2627254320642808
105516,0.26021537130680455
105517,0.4655887520506317
105518,0.13966461351661813
105519,0.16348076058668312
105520,0.07802267910089555
105521,0.10536884051560193
105522,0.6316004954511855
105523,0.5106274270143769
105524,0.45221440610692115
105525,0.12798545145975296
105526,0.13911213869763814
105527,0.07571668316493257
105528,0.5842056007399812
105529,0.3997123388674668
105530,0.5430996730251046
105531,0.14761685047553685
105532,0.257305631954703
105533,0.0800705801376025
105534,0.1960781947691461
105535,0.4992117592776334
105536,0.39645251468846754
105537,0.3037446914411404
105538,0.14734491808518294
105539,0.32317317922364464
105540,0.28924886553668255
105541,0.5241663869205382
105542,0.12699133105082752
105543,0.18007108784331263
105544,0.2506532861284655
105545,0.3216428000989097
105546,0.28837088502403296
105547,0.18936990853845137
105548,0.1202437305488743
105549,0.3504167235172686
105550,0.4234857608883254
105551,0.3304646118203737
105552,0.21375510456973223
105553,0.48791195727389564
105554,0.5206936465278067
105555,0.4760312306661786
105556,0.20159338108414515
105557,0.1521200592865263
105558,0.20911502767293408
105559,0.1343969766073423
105560,0.08587664653601476
105561,0.31654956231183684
105562,0.39911332838304026
105563,0.5299554041793952
105564,0.3060579491435448
105565,0.20264390353516992
105566,0.1194062630904025
105567,0.1321580072017359
105568,0.46608965715534234
105569,0.13380006118773058
105570,0.5539042070697668
105571,0.23039485937598736
105572,0.2514556153124682
105573,0.14680481581308347
105574,0.14274396319893254
105575,0.5409859951596221
105576,0.10167283491354727
105577,0.4629576234835745
105578,0.15723718151362304
105579,0.15709052659578931
105580,0.4563755832768844
105581,0.6166752970134095
105582,0.1689767780337409
105583,0.1784941727698794
105584,0.08836706012563274
105585,0.18849438348276756
105586,0.5704683045679504
105587,0.6028901357957213
105588,0.45675155675891665
105589,0.19021569844327543
105590,0.1272386697667633
105591,0.13852876461019903
105592,0.4723755893134135
105593,0.12167737808116186
105594,0.1423660123968562
105595,0.11441354172241128
105596,0.18684157783094155
105597,0.13329176925527897
105598,0.32146349387060824
105599,0.1466986255689229
105600,0.45813687418352345
105601,0.43028409856890026
105602,0.2586531648944596
105603,0.26292235081787074
105604,0.15692371409197767
105605,0.08933009970242349
105606,0.2061728953506639
105607,0.5025254718852195
105608,0.13380154579922562
105609,0.2715628230132524
105610,0.284180520562653
105611,0.1233412382727808
105612,0.07456094179012289
105613,0.27691483009696277
105614,0.11339038870131785
105615,0.4960128120120272
105616,0.1285930846850299
105617,0.1530556934949802
105618,0.20095868087189833
105619,0.1900157016200593
105620,0.5792431502944829
105621,0.4283255128073951
105622,0.1322814142256042
105623,0.4513498994610498
105624,0.3719884844265057
105625,0.2683875184926908
105626,0.08270853184473523
105627,0.3157321698814133
105628,0.4371569717472597
105629,0.17682927219683853
105630,0.5416397682706976
105631,0.43757874721612466
105632,0.14850899650911686
105633,0.0716325201575545
105634,0.5045242952919633
105635,0.5262906471864734
105636,0.3944572885706705
105637,0.05869395109018434
105638,0.14774513344586898
105639,0.3113716759202712
105640,0.07874310125773201
105641,0.40698439868838976
105642,0.6043232418214666
105643,0.49664222007475545
105644,0.15003036506732365
105645,0.1928598246389317
105646,0.2675714748635788
105647,0.44582723099486504
105648,0.23908150099879083
105649,0.5741688976817629
105650,0.2223796849495215
105651,0.09032319593033467
105652,0.44308359076941983
105653,0.3712794846817222
105654,0.48084003732038705
105655,0.17294452951171094
105656,0.44875556534402006
105657,0.5687905465323879
105658,0.22034651744198186
105659,0.11483971926950726
105660,0.33316332699171725
105661,0.4440324089009186
105662,0.4900953561231014
105663,0.5809793404385855
105664,0.6071019672064197
105665,0.4355554362398681
105666,0.08341573576400851
105667,0.2606065409435879
105668,0.40802158433468216
105669,0.3083204056496204
105670,0.3475447475152694
105671,0.4583486209442232
105672,0.3048247520443658
105673,0.27069180204924526
105674,0.20532257257004388
105675,0.518229698250089
105676,0.6792896686411667
105677,0.4333699785307074
105678,0.27845203845668715
105679,0.19990322538979982
105680,0.18588689735611721
105681,0.530040242593597
105682,0.11477560930733904
105683,0.14190513056234494
105684,0.35762699439878715
105685,0.432816461292446
105686,0.2484716340782398
105687,0.48006332958785025
105688,0.11799888645901285
105689,0.07144406306460653
105690,0.6346909779337347
105691,0.5811778989566594
105692,0.3723471641300801
105693,0.20356628132252405
105694,0.2991921794140281
105695,0.17751080687957618
105696,0.2921787320580178
105697,0.42821430744991784
105698,0.06789750393924153
105699,0.3269979220681003
105700,0.26520286516540237
105701,0.4009676773534745
105702,0.569131234911365
105703,0.08610214320483348
105704,0.49728963118678093
105705,0.1107349799680816
105706,0.28394388773282225
105707,0.09770818905882217
105708,0.23048981658846543
105709,0.22278967061803875
105710,0.23050539312048135
105711,0.11518119519661625
105712,0.22195768532245871
105713,0.14977704322000548
105714,0.1572651187854162
105715,0.5242053672088407
105716,0.44224988655022396
105717,0.5474804043860704
105718,0.32194901041209917
105719,0.22790560581718214
105720,0.3294876383302958
105721,0.324654039069722
105722,0.18098047980037416
105723,0.6161032950840214
105724,0.36429153953673854
105725,0.11007534429332097
105726,0.14074647855901123
105727,0.5988829008352605
105728,0.24197800530479627
105729,0.5052388684355658
105730,0.23881588326088382
105731,0.3431329740547216
105732,0.5484099746143416
105733,0.10667054114986023
105734,0.28505392831116094
105735,0.12310999264567365
105736,0.2090066117058872
105737,0.26581682905635307
105738,0.08068666647921477
105739,0.608570722715726
105740,0.14313241776533964
105741,0.4403125216513312
105742,0.21115041415218422
105743,0.07173618067984414
105744,0.4423457291248236
105745,0.3176225420483356
105746,0.5593459575323805
105747,0.3767527467542015
105748,0.31864430445796055
105749,0.5655576878672582
105750,0.1903945440690957
105751,0.11261708406690422
105752,0.2601186656245132
105753,0.23896310572344645
105754,0.09640031779183973
105755,0.54777647809005
105756,0.2720298603123348
105757,0.1154420805608824
105758,0.2391909177903161
105759,0.17198845014217556
105760,0.17033378289714057
105761,0.403763357862664
105762,0.4441629893287733
105763,0.3099732674727195
105764,0.11276827701580283
105765,0.41083144815218137
105766,0.33139257314800613
105767,0.5348281266478743
105768,0.53075403039806
105769,0.19154886654138714
105770,0.16269169199008082
105771,0.15924784710699158
105772,0.30142678805320533
105773,0.36504468731339296
105774,0.3068841695578029
105775,0.17736122614779304
105776,0.18541690985104
105777,0.49588000902509755
105778,0.49206630496071485
105779,0.26633973076897854
105780,0.05886705681865025
105781,0.6218759065315983
105782,0.16077513376186814
105783,0.4909865537836174
105784,0.5261150601671136
105785,0.3741117766813594
105786,0.06740541363492884
105787,0.07258620920572524
105788,0.20250339759359284
105789,0.6085823804868841
105790,0.1815873229729531
105791,0.1891505416656618
105792,0.4972930902820568
105793,0.28827525836033174
105794,0.471630408758292
105795,0.540974047454373
105796,0.09588370615158527
105797,0.2933985648441403
105798,0.38220209454638354
105799,0.21776790993793732
105800,0.2835787339395757
105801,0.2457928267256358
105802,0.0696145478966887
105803,0.44167522863822095
105804,0.38497353678232327
105805,0.13162904171418516
105806,0.2109918228433845
105807,0.17161688715111179
105808,0.18966292110993868
105809,0.4721044833546028
105810,0.07285322367603542
105811,0.4278227093298337
105812,0.49803707496118055
105813,0.12438528877272684
105814,0.6954523509551825
105815,0.54925871322686
105816,0.2356857868845243
105817,0.20713160874715048
105818,0.10677209510103688
105819,0.46596636213278997
105820,0.5224185866387052
105821,0.10138391264570804
105822,0.19919474698491837
105823,0.3666594872749497
105824,0.520140559580813
105825,0.5235689792382675
105826,0.12614329400132873
105827,0.3900207452166611
105828,0.3639409284394082
105829,0.13889053789905415
105830,0.17879483212800745
105831,0.07605846934770645
105832,0.2568564955202517
105833,0.34724536274851764
105834,0.5242819346813126
105835,0.5177514410502106
105836,0.2357268319851547
105837,0.5448183810347687
105838,0.3425754709490024
105839,0.11162492515403483
105840,0.2684808390240863
105841,0.1750451010211217
105842,0.3950338588045631
105843,0.6099713176859377
105844,0.3151691377393654
105845,0.41070629324707164
105846,0.4949149045148905
105847,0.1050278637811893
105848,0.5768947645974598
105849,0.5443867710899444
105850,0.13694848267487048
105851,0.0644386283479044
105852,0.5514693666359465
105853,0.4797479631049232
105854,0.5245284289086174
105855,0.3051682289256876
105856,0.5898940175263153
105857,0.09827061147260258
105858,0.10050102575230827
105859,0.3442506538616502
105860,0.40010278062574145
105861,0.5647908979763517
105862,0.5172812351180255
105863,0.5762639125245165
105864,0.5378583789978397
105865,0.11125358623621001
105866,0.1585332397131336
105867,0.0987723205176469
105868,0.06204105265649096
105869,0.2633042138291564
105870,0.08852271180417973
105871,0.07074195307102991
105872,0.11728004614577517
105873,0.2332992304598851
105874,0.5044854569376993
105875,0.15865583207304884
105876,0.15986915990901845
105877,0.5249783400936734
105878,0.2731192217171032
105879,0.11682735090383406
105880,0.11306246142034232
105881,0.10219771585435475
105882,0.16482004754252183
105883,0.21682600892764076
105884,0.498663472564557
105885,0.2060693525514969
105886,0.15095007346714107
105887,0.3139117719014554
105888,0.15091543070032204
105889,0.3307853716114403
105890,0.577312384191017
105891,0.3725179653648284
105892,0.4500815497281749
105893,0.42158096322992045
105894,0.4766589746091646
105895,0.19654910686925173
105896,0.40751483516459797
105897,0.09379751691664508
105898,0.3759067781830732
105899,0.5218306556981251
105900,0.3104758843042029
105901,0.21805021253208054
105902,0.35499566835846885
105903,0.40970212295197517
105904,0.48581683112770513
105905,0.13465703913451854
105906,0.5094900835332208
105907,0.20297191813652338
105908,0.5848076408534807
105909,0.23764420849907447
105910,0.20249792629946287
105911,0.2028907534247767
105912,0.23633518675692028
105913,0.140200267280095
105914,0.1628959021413313
105915,0.2872021956019153
105916,0.4151970980119201
105917,0.35759700703881914
105918,0.07166100371202719
105919,0.4223269977185239
105920,0.5443231131148826
105921,0.38357820892988437
105922,0.4886229909078881
105923,0.1221931809676729
105924,0.48150331392240087
105925,0.2128149636956244
105926,0.07329693261099379
105927,0.2426607362565301
105928,0.36589601372035524
105929,0.17753163098256744
105930,0.2544951618394364
105931,0.4535911805412632
105932,0.14489894692051125
105933,0.11379491714084514
105934,0.14444846577845566
105935,0.3529901148172276
105936,0.5316009175271686
105937,0.4130497655927754
105938,0.2070291838394809
105939,0.09675011759477922
105940,0.5257827639064081
105941,0.6181606771173749
105942,0.10393671307603658
105943,0.5427026327023298
105944,0.3232648874175601
105945,0.4365137291120631
105946,0.5150986350814398
105947,0.5011291953521251
105948,0.09237613719079149
105949,0.09608269612137871
105950,0.18244527223901402
105951,0.2241090827656282
105952,0.5466609515161447
105953,0.15811645425498583
105954,0.17651123017934767
105955,0.210725906395435
105956,0.2386411714395658
105957,0.2795276687524735
105958,0.3731419457172095
105959,0.21549504531008407
105960,0.5911637088100556
105961,0.5198402738762353
105962,0.17216541058651863
105963,0.443134446962829
105964,0.08458007238959023
105965,0.18644855890539708
105966,0.4783596418845917
105967,0.3103674548672393
105968,0.360767745631123
105969,0.28265828687946526
105970,0.4862719877498872
105971,0.6264995736304092
105972,0.37500188417861074
105973,0.3704339752126394
105974,0.24865941983100603
105975,0.45613622575635804
105976,0.4047108424398438
105977,0.228355106867751
105978,0.42380505384622397
105979,0.15671828831666157
105980,0.4016453610078071
105981,0.3391119617596723
105982,0.14020766797758982
105983,0.19533003606463456
105984,0.08662443266751592
105985,0.1798211551329882
105986,0.07677161152961083
105987,0.07783631820531844
105988,0.10498810511665382
105989,0.3905823929858805
105990,0.1762671947558347
105991,0.1395995075168944
105992,0.0870698545180962
105993,0.1694646976235137
105994,0.3018606720190137
105995,0.3170640354808265
105996,0.26897497856899233
105997,0.23345461118826116
105998,0.5326122614791168
105999,0.615742778421803
106000,0.5303857607586927
